,gas,contrast,sample,auc1,auc2,m1,lam1,mu1,Q,chi1,aic1,m1f,lam1f,mu1f,chi1f,aic1f,m2,lam2,mu2,chi2,aic2,m2f,lam2f,mu2f,chi2f,aic2f,cc_auc,cc_ldrw,cc_fpt
0,hyper,air,s4,0.0005327692503101298,0.0010336224176980327,0.00015955608565998425,5.230878709324419,3.3385356150301186,2.8,1.2623237615990468e-06,-18361.841445668193,0.00015955608565998425,5.230878709324419,3.3385356150301186,1.2623237615990468e-06,-18361.841445668193,0.00010319969688721287,19.41345243736196,8.956469767590823,1.1219296230181545e-07,-20542.70229604257,0.00010319969688721287,19.41345243736196,8.956469767590823,1.1219296230181545e-07,-20542.70229604257,194.0093984584042,64.67926087578543,64.67926087578543
0,hyper,def,s3,6.818237967499346e-05,1.4877339900332694e-05,1.972984099452013e-05,4.774724317631846,3.103155905669137,2.8,2.1248247741213653e-08,-18816.567977019266,1.972984099452013e-05,4.774724317631846,3.103155905669137,2.1248247741213653e-08,-18816.567977019266,1.408720713635958e-06,15.419098805333196,9.087131034549987,9.163027643285958e-11,-23031.97938262982,1.408720713635958e-06,15.419098805333196,9.087131034549987,9.163027643285958e-11,-23031.97938262982,21.819918828367175,7.140051022343381,7.140051022343381
0,mix,air,s3,0.0019361664209365478,0.0018210083222184835,0.0007134183153458817,5.248395181340867,2.920088985569684,2.8,1.6012008242459207e-05,-17716.60004821655,0.0007134183153458817,5.248395181340867,2.920088985569684,1.6012008242459207e-05,-17716.60004821655,0.00019464074631048156,17.774389785384468,8.2608380417007,4.895918818812042e-07,-21162.271868141517,0.00019464074631048156,17.774389785384468,8.2608380417007,4.895918818812042e-07,-21162.271868141517,94.05226237410103,27.282835627245593,27.282835627245593
0,hyper,air,s1,0.0005609644804230623,0.0010288704182021104,0.0001645202368225629,4.068395072076143,3.692812080741951,2.8,1.794618636433603e-06,-19393.24650459081,0.0001645202368225629,4.068395072076143,3.692812080741951,1.794618636433603e-06,-19393.24650459081,0.0001031750555120503,16.28146929040604,8.981354562591713,1.2817450921124339e-07,-21940.031205936462,0.0001031750555120503,16.28146929040604,8.981354562591713,1.2817450921124339e-07,-21940.031205936462,183.41097415404408,62.7126835608229,62.7126835608229
0,hyper,air,s6,-0.00530962692835435,0.0029778227323089997,9.461985999315026e-05,7.5104156693276956,1.9960034934423598,1.8,6.612400591117378e-05,-23180.858654543208,9.461985999315026e-05,7.5104156693276956,1.9960034934423598,6.612400591117378e-05,-23180.858654543208,0.00014794395821104978,20.613045726386044,11.235065251283059,1.0007152430532182e-06,-28947.42266655861,0.00014794395821104978,20.613045726386044,11.235065251283059,1.0007152430532182e-06,-28947.42266655861,-56.08346447858508,156.35613730749526,156.35613730749526
0,hyper,def,s2,0.0006466871125841386,0.0003428968180782917,0.0004082440230839257,5.166778050248323,3.607050941100014,6.8,1.097504575303401e-06,-13930.307128435254,0.0004082440230839257,5.166778050248323,3.607050941100014,1.097504575303401e-06,-13930.307128435254,0.00013054128385281416,14.214736527220486,5.722180789440301,3.251476843065267e-08,-16351.447869549262,0.00013054128385281416,14.214736527220486,5.722180789440301,3.251476843065267e-08,-16351.447869549262,53.02360467770701,31.97628782576881,31.97628782576881
0,room,air,s2,0.0016760005837401241,0.0020443072272125734,0.001078357119687956,2.7999295718625588,3.6121635323817465,6.8,1.8312877014389788e-05,-17960.21856847143,0.001078357119687956,2.7999295718625588,3.6121635323817465,1.8312877014389788e-05,-17960.21856847143,0.0007023334588003305,8.403667161831692,6.2174190266226725,4.1396465043159e-06,-19459.108596697526,0.0007023334588003305,8.403667161831692,6.2174190266226725,4.1396465043159e-06,-19459.108596697526,121.9753290688327,65.12995054955121,65.12995054955121
0,hyper,air,s4,0.0023802043186574623,0.00029307376183692767,0.0014471934812041454,2.319419907239986,3.9172306639313508,6.8,2.440123115049528e-05,-10366.911399735194,0.0014471934812041454,2.319419907239986,3.9172306639313508,2.440123115049528e-05,-10366.911399735194,0.00010501159347486855,10.244464807759794,6.128549975923085,7.008298441850638e-08,-13931.211080490135,0.00010501159347486855,10.244464807759794,6.128549975923085,7.008298441850638e-08,-13931.211080490135,12.312966560880534,7.256223500087429,7.256223500087429
0,mix,sf6,s1,0.001031579536878473,0.004642351459764458,0.0009024876840859619,6.005379396518664,2.98454544449902,2.8,3.22772202776263e-05,-24019.163375268447,0.0009024876840859619,6.005379396518664,2.98454544449902,3.22772202776263e-05,-24019.163375268447,0.00046628648036395326,11.623798335376627,8.680010720289806,1.8907881067595474e-06,-27900.68279516057,0.00046628648036395326,11.623798335376627,8.680010720289806,1.8907881067595474e-06,-27900.68279516057,450.0236088253618,51.666797075043455,51.666797075043455
0,mix,air,s2,0.0011165826279475682,0.002951611743582449,0.0007190706461124297,5.340990310633548,2.823802784686445,1.8,4.93114728620021e-05,-23747.870752190098,0.0007190706461124297,5.340990310633548,2.823802784686445,4.93114728620021e-05,-23747.870752190098,0.00012823528174754628,16.0063604905124,12.965731529121028,6.734512500767658e-07,-29694.363318735956,0.00012823528174754628,16.0063604905124,12.965731529121028,6.734512500767658e-07,-29694.363318735956,264.3433338209744,17.833474699716245,17.833474699716245
0,room,sf6,s4,0.0017821751348436493,0.0034467885482910485,0.000958755930125843,5.330162429342407,3.1328821619653064,4.3,1.642009070917998e-05,-21531.469083742773,0.000958755930125843,5.330162429342407,3.1328821619653064,1.642009070917998e-05,-21531.469083742773,0.0006342367441898311,18.04613237174557,7.08061660152544,3.497612284123158e-06,-23371.714949372566,0.0006342367441898311,18.04613237174557,7.08061660152544,3.497612284123158e-06,-23371.714949372566,193.4034697770282,66.15205437181321,66.15205437181321
0,room,sf6,s2,0.0017502305757502085,0.003395082216711872,0.0012837381120334168,1.68811919010128,3.250949776357846,6.8,2.6389149400153728e-05,-18146.137834331126,0.0012837381120334168,1.68811919010128,3.250949776357846,2.6389149400153728e-05,-18146.137834331126,0.0012231378279465854,6.975409363650213,5.568160733775445,1.0352210317111827e-05,-19117.44930713761,0.0012231378279465854,6.975409363650213,5.568160733775445,1.0352210317111827e-05,-19117.44930713761,193.9791398774201,95.2793888785586,95.2793888785586
0,room,sf6,s3,0.0004157069145643942,0.0034692972027493426,0.0008347953783871542,4.225349977685015,2.8874191223037364,4.3,2.5852146252242117e-05,-17354.065015107255,0.0008347953783871542,4.225349977685015,2.8874191223037364,2.5852146252242117e-05,-17354.065015107255,0.0006818894343669779,15.153319279236946,6.878948523884385,4.139501008975038e-06,-19174.892478201255,0.0006818894343669779,15.153319279236946,6.878948523884385,4.139501008975038e-06,-19174.892478201255,834.5536437335198,81.68342231175328,81.68342231175328
0,hyper,sf6,s1,0.0030638749297674977,-0.003519152808766352,0.0003006325289744982,14.583395283950036,9.169641554535989,2.8,9.73791655573408e-07,-20743.82374114929,0.0003006325289744982,14.583395283950036,9.169641554535989,9.73791655573408e-07,-20743.82374114929,4.555956193419419e-05,42.22958256508533,3.3543957253977457,4.522863387815004e-05,-16905.53545780071,4.555956193419419e-05,42.22958256508533,3.3543957253977457,4.522863387815004e-05,-16905.53545780071,-114.8595451653571,15.154568299579743,15.154568299579743
0,hyper,sf6,s5,0.0015391965286088187,0.002076305640737823,0.0005477382255376639,3.687717684358792,3.3528633501043785,2.8,1.2965194648575306e-05,-25266.907002269007,0.0005477382255376639,3.687717684358792,3.3528633501043785,1.2965194648575306e-05,-25266.907002269007,0.00020108910029970062,14.160837743908726,9.10567036369241,4.3316335388547817e-07,-29916.614232030082,0.00020108910029970062,14.160837743908726,9.10567036369241,4.3316335388547817e-07,-29916.614232030082,134.89542122437496,36.71262857404375,36.71262857404375
0,mix,def,s4,0.0003343709134523756,0.0005419542643877767,9.042453268337525e-05,4.265667285905538,3.537261763899222,2.8,1.3202348823424613e-07,-26004.50600691142,9.042453268337525e-05,4.265667285905538,3.537261763899222,1.3202348823424613e-07,-26004.50600691142,4.827724988443194e-05,14.530205138992324,9.884592575338806,1.6628611352000864e-08,-28360.20521103259,4.827724988443194e-05,14.530205138992324,9.884592575338806,1.6628611352000864e-08,-28360.20521103259,162.0817608780936,53.38954866759054,53.38954866759054
0,mix,sf6,s1,0.0018512873309361993,0.0015939300114643804,0.0007407954366125402,4.36219684724049,3.6907999105655485,4.3,1.5169722908930893e-05,-15008.534775670538,0.0007407954366125402,4.36219684724049,3.6907999105655485,1.5169722908930893e-05,-15008.534775670538,0.0002794105365566679,15.39473442282786,7.80911709520317,7.527593652682767e-07,-17537.32280418366,0.0002794105365566679,15.39473442282786,7.80911709520317,7.527593652682767e-07,-17537.32280418366,86.09846698720328,37.71763738642043,37.71763738642043
0,mix,def,s2-2,0.00036802787737353455,0.0016934724286259588,0.0002498088698259515,4.524104031259566,3.278274289745072,6.8,1.5576243646104285e-07,-25460.93375388342,0.0002498088698259515,4.524104031259566,3.278274289745072,1.5576243646104285e-07,-25460.93375388342,0.0005809094484123811,11.40829331914276,5.787973893558904,6.759343160134724e-07,-23814.102655486357,0.0005809094484123811,11.40829331914276,5.787973893558904,6.759343160134724e-07,-23814.102655486357,460.14786725168307,232.54156220198112,232.54156220198112
0,mix,air,s4,0.0018764359818213092,0.0023042537607761665,0.0007764919452588614,4.435000779258235,2.774078487383541,2.8,1.5026956122621856e-05,-20525.54376586478,0.0007764919452588614,4.435000779258235,2.774078487383541,1.5026956122621856e-05,-20525.54376586478,0.00024725986829099433,16.64451434305268,8.236106808144696,5.661975123580992e-07,-24236.984580009226,0.00024725986829099433,16.64451434305268,8.236106808144696,5.661975123580992e-07,-24236.984580009226,122.79948706481359,31.843198091200364,31.843198091200364
0,mix,def,s3-2,8.219567374773815e-05,8.076412154154781e-05,3.786544488604271e-05,6.661326372929828,3.126212356744202,4.3,4.038222639511914e-08,-17653.78313214809,3.786544488604271e-05,6.661326372929828,3.126212356744202,4.038222639511914e-08,-17653.78313214809,1.602446588711004e-05,19.932646647477096,6.9295718394422225,1.0013328207188721e-09,-20415.485319316766,1.602446588711004e-05,19.932646647477096,6.9295718394422225,1.0013328207188721e-09,-20415.485319316766,98.25836064002124,42.31949719681412,42.31949719681412
0,mix,def,s4,0.000440693098470851,0.0005516750074166444,6.868030677198433e-05,11.039044097676914,3.996571684849207,1.8,2.892189742156343e-07,-30143.382861274902,6.868030677198433e-05,11.039044097676914,3.996571684849207,2.892189742156343e-07,-30143.382861274902,1.8975068122983885e-05,14.235809064124808,16.786156736095652,3.2543048315073305e-08,-33101.358775959576,1.8975068122983885e-05,14.235809064124808,16.786156736095652,3.2543048315073305e-08,-33101.358775959576,125.18349148894923,27.628106243002513,27.628106243002513
0,mix,sf6,s4,0.001806355447882961,0.003446597499393939,0.0010827601381664387,3.0834805844063453,3.904172085982605,6.8,1.2485466494550931e-05,-18538.438196057195,0.0010827601381664387,3.0834805844063453,3.904172085982605,1.2485466494550931e-05,-18538.438196057195,0.0011315564108895781,10.658002433182142,6.534633314246692,9.649039245495143e-06,-18800.78385801778,0.0011315564108895781,10.658002433182142,6.534633314246692,9.649039245495143e-06,-18800.78385801778,190.80394744197955,104.50665581444214,104.50665581444214
0,mix,def,s3,6.52209521697328e-05,4.454487490899823e-05,2.2084476862360702e-05,63.072503892343605,1.4994552844099385,1.8,3.3298519156686035e-08,-26409.94976013723,2.2084476862360702e-05,63.072503892343605,1.4994552844099385,3.3298519156686035e-08,-26409.94976013723,2.0616261320327567e-06,22.41790013182715,11.938070042367846,7.392730065763762e-10,-30564.042369805436,2.0616261320327567e-06,22.41790013182715,11.938070042367846,7.392730065763762e-10,-30564.042369805436,68.29841243818922,9.33518210497643,9.33518210497643
0,room,air,s1,0.001688739120129425,0.002057272023979554,0.0005749194349546904,1.0387384664325907,4.4234472111289,4.3,1.0789434566683094e-05,-20842.148714125608,0.0005749194349546904,1.0387384664325907,4.4234472111289,1.0789434566683094e-05,-20842.148714125608,0.0004312766353993247,8.9476929862713,6.515964604800199,1.4301500779462802e-06,-23123.618350388126,0.0004312766353993247,8.9476929862713,6.515964604800199,1.4301500779462802e-06,-23123.618350388126,121.82296243731743,75.01514284924352,75.01514284924352
0,hyper,sf6,s4,0.0030598275830839012,0.001508469613147323,0.001230345434073854,4.3634603445229745,3.601452660442267,4.3,3.3689036963514635e-05,-19355.115639210428,0.001230345434073854,4.3634603445229745,3.601452660442267,3.3689036963514635e-05,-19355.115639210428,0.00028901064596631443,16.776748412416445,7.097378937668889,6.266836225147197e-07,-23809.770905334008,0.00028901064596631443,16.776748412416445,7.097378937668889,6.266836225147197e-07,-23809.770905334008,49.299170367860576,23.490203479632367,23.490203479632367
0,hyper,sf6,s3,0.0013611090291768642,0.006582419211286592,0.00033307490416878416,4.210704659539304,3.6103253971443188,1.8,1.3742196030555532e-05,-23752.529613297116,0.00033307490416878416,4.210704659539304,3.6103253971443188,1.3742196030555532e-05,-23752.529613297116,0.0002947911276831583,17.48578428789915,12.397975255585793,4.7130858273088004e-06,-25137.275559790054,0.0002947911276831583,17.48578428789915,12.397975255585793,4.7130858273088004e-06,-25137.275559790054,483.60704911841896,88.50595586564344,88.50595586564344
0,hyper,sf6,s3,0.0008609259094811586,0.0005169991735411768,0.0006368965443570573,5.459227792366061,3.0376797739593675,6.8,2.4635803810000905e-06,-17821.534665144412,0.0006368965443570573,5.459227792366061,3.0376797739593675,2.4635803810000905e-06,-17821.534665144412,0.0001937739280042372,14.676072760908568,5.632472877509644,1.2446369815456293e-07,-20520.297318955894,0.0001937739280042372,14.676072760908568,5.632472877509644,1.2446369815456293e-07,-20520.297318955894,60.05152915571435,30.424710217237973,30.424710217237973
0,room,air,s4,0.0008628678441533098,0.0012361851383356373,0.0003365415525600213,5.9265104241295745,3.2070973122723787,2.8,4.77265323046923e-06,-21276.530711682815,0.0003365415525600213,5.9265104241295745,3.2070973122723787,4.77265323046923e-06,-21276.530711682815,0.00012242512112714543,17.259896322685336,9.081340262893358,2.2403652646727627e-07,-24656.55836926458,0.00012242512112714543,17.259896322685336,9.081340262893358,2.2403652646727627e-07,-24656.55836926458,143.26471274968483,36.37741616031537,36.37741616031537
0,room,sf6,s1,0.0013768724064532952,0.0042707093579592076,0.0010593362520450178,2.6804104993232603,3.040275303832143,6.8,8.932513851263487e-06,-14121.418918868187,0.0010593362520450178,2.6804104993232603,3.040275303832143,8.932513851263487e-06,-14121.418918868187,0.001573302811104238,9.806120117946252,5.703955848609214,1.3664151304521661e-05,-13792.833741873605,0.001573302811104238,9.806120117946252,5.703955848609214,1.3664151304521661e-05,-13792.833741873605,310.17466382089736,148.5177919727587,148.5177919727587
0,mix,air,s3,0.002684593705096634,0.003436066132321482,0.000881192248241458,4.332120910695941,2.6288061159098013,1.8,4.294320788912528e-05,-22624.476642352398,0.000881192248241458,4.332120910695941,2.6288061159098013,4.294320788912528e-05,-22624.476642352398,0.00015388800355875532,14.658166674849511,12.392650529423493,1.0567130614463108e-06,-27488.76781941646,0.00015388800355875532,14.658166674849511,12.392650529423493,1.0567130614463108e-06,-27488.76781941646,127.9920356588111,17.46361294778299,17.46361294778299
0,hyper,sf6,s4,0.001013724903064701,0.006125451684487345,0.0002995996940267087,5.581354007349623,3.1928954958348825,1.8,1.0525666703561912e-05,-25119.225221514396,0.0002995996940267087,5.581354007349623,3.1928954958348825,1.0525666703561912e-05,-25119.225221514396,0.0002811144661747367,18.499875892550897,11.987200640682113,6.697504598482159e-06,-25727.72720759671,0.0002811144661747367,18.499875892550897,11.987200640682113,6.697504598482159e-06,-25727.72720759671,604.2518701048807,93.83002445579129,93.83002445579129
0,room,def,s3,3.235689899293493e-05,0.0009563257239256629,0.00010463273408101159,0.5614473046266186,2.313500396724825,1.8,1.1429086274824038e-06,-28348.46855958196,0.00010463273408101159,0.5614473046266186,2.313500396724825,1.1429086274824038e-06,-28348.46855958196,4.043277686527347e-05,12.828386577950667,13.173512595751873,8.77964039886093e-08,-31830.952826345296,4.043277686527347e-05,12.828386577950667,13.173512595751873,8.77964039886093e-08,-31830.952826345296,2955.5543135776848,38.642569383658184,38.642569383658184
0,mix,air,s2,0.0015912850921199078,0.0019115860543806981,0.0007274850839407154,4.647375417813694,2.6874684592628046,2.8,1.3956748336309212e-05,-18922.098119472594,0.0007274850839407154,4.647375417813694,2.6874684592628046,1.3956748336309212e-05,-18922.098119472594,0.00021298334572539268,17.633867842939342,7.9086138187357555,5.298572096976713e-07,-22337.137865042005,0.00021298334572539268,17.633867842939342,7.9086138187357555,5.298572096976713e-07,-22337.137865042005,120.12844611232335,29.27666153258879,29.27666153258879
0,mix,air,s5,0.002695394972151193,0.0030910227607626488,0.0008155153980480279,5.741805698060591,2.8597787853231664,1.8,4.87360701890624e-05,-22820.66318883563,0.0008155153980480279,5.741805698060591,2.8597787853231664,4.87360701890624e-05,-22820.66318883563,0.00013821666637792163,19.184798317296064,12.093418119926763,1.2984247310097362e-06,-27653.144943048286,0.00013821666637792163,19.184798317296064,12.093418119926763,1.2984247310097362e-06,-27653.144943048286,114.67791521090898,16.94838217754678,16.94838217754678
0,hyper,sf6,s5,0.0018537008528648072,0.005724587167711887,0.0003728116794401437,3.0643088339968028,3.519938616013043,1.8,1.947922278179069e-05,-24462.20909882939,0.0003728116794401437,3.0643088339968028,3.519938616013043,1.947922278179069e-05,-24462.20909882939,0.00026343996137745407,17.43536761504215,12.151926575887774,3.851491977373249e-06,-26658.512066924184,0.00026343996137745407,17.43536761504215,12.151926575887774,3.851491977373249e-06,-26658.512066924184,308.81936310623195,70.66301189197328,70.66301189197328
0,room,sf6,s3,0.0017484106921925083,0.0031526079837703664,0.0013333201383318727,2.8404301184031033,2.966788381859721,6.8,1.6200566503044193e-05,-21318.200423823244,0.0013333201383318727,2.8404301184031033,2.966788381859721,1.6200566503044193e-05,-21318.200423823244,0.0014045535185001068,10.329946589261048,5.473405122743418,1.3272173736836591e-05,-21553.066020537597,0.0014045535185001068,10.329946589261048,5.473405122743418,1.3272173736836591e-05,-21553.066020537597,180.31278336653236,105.34255638389702,105.34255638389702
0,hyper,sf6,s2,0.001248686247468149,0.006171982645202575,0.0003276434092105429,5.477343421924931,3.451878478984429,1.8,9.965862191156307e-06,-25528.15374975653,0.0003276434092105429,5.477343421924931,3.451878478984429,9.965862191156307e-06,-25528.15374975653,0.0002758905368229758,19.882776481177117,12.209835343060831,5.6557055905634904e-06,-26300.29406375741,0.0002758905368229758,19.882776481177117,12.209835343060831,5.6557055905634904e-06,-26300.29406375741,494.27809889929995,84.20451291473688,84.20451291473688
0,room,air,s3,0.001396646060980639,0.004141152037669552,0.00021955868749357066,11.135522498063173,3.618457593270393,1.8,7.526643809243265e-06,-25090.798220335688,0.00021955868749357066,11.135522498063173,3.618457593270393,7.526643809243265e-06,-25090.798220335688,0.00017731714217750216,19.491105229629422,13.25134357219752,1.7067449502473437e-06,-27052.46274600141,0.00017731714217750216,19.491105229629422,13.25134357219752,1.7067449502473437e-06,-27052.46274600141,296.50690703712644,80.76070421157648,80.76070421157648
0,room,sf6,s4,0.0017656747527733925,0.002775120450477528,0.0012045235743940452,1.6849091003071957,3.4701229941324323,6.8,3.31997232861146e-05,-20197.318697954997,0.0012045235743940452,1.6849091003071957,3.4701229941324323,3.31997232861146e-05,-20197.318697954997,0.0012447136537518944,9.083289487537092,5.518808358962691,1.56175491426839e-05,-21074.390861264146,0.0012447136537518944,9.083289487537092,5.518808358962691,1.56175491426839e-05,-21074.390861264146,157.1705347272238,103.33659549818834,103.33659549818834
0,hyper,air,s4,0.001112138207400721,0.0036303294111550183,0.0002497049451364308,3.873887672178922,3.094864381584139,1.8,7.405504324123172e-06,-25892.825594690014,0.0002497049451364308,3.873887672178922,3.094864381584139,7.405504324123172e-06,-25892.825594690014,0.0001750035173062603,20.18093767187345,11.567162259529209,1.5699126868587602e-06,-28004.01362208043,0.0001750035173062603,20.18093767187345,11.567162259529209,1.5699126868587602e-06,-28004.01362208043,326.4279014062281,70.08412156621246,70.08412156621246
0,mix,sf6,s3,-0.004886937423499554,0.006418864868967193,0.000759777128261474,5.8625504063971805,2.5359816862916666,1.8,0.00018132060178868093,-20548.544627725707,0.000759777128261474,5.8625504063971805,2.5359816862916666,0.00018132060178868093,-20548.544627725707,0.00027532271287356025,12.036328860948405,13.092356955142728,4.5426007675723015e-06,-25348.715314680096,0.00027532271287356025,12.036328860948405,13.092356955142728,4.5426007675723015e-06,-25348.715314680096,-131.34739229729323,36.23729941746932,36.23729941746932
0,room,air,s1,0.0015774641078807568,0.0025573330148044634,0.0012515163303232768,3.4372318931441725,2.9020041916512653,6.8,1.833122617044404e-05,-15932.36943073874,0.0012515163303232768,3.4372318931441725,2.9020041916512653,1.833122617044404e-05,-15932.36943073874,0.0009926621350406784,11.437563173891,5.422651026073388,4.5585025766390776e-06,-17184.820020606803,0.0009926621350406784,11.437563173891,5.422651026073388,4.5585025766390776e-06,-17184.820020606803,162.11671644561923,79.31675448328075,79.31675448328075
0,mix,air,s4,0.0032227914207726025,0.003092745723159324,0.0006632625544227277,3.2224418013437255,3.4454812776697903,1.8,5.481742003024591e-05,-22699.932450629833,0.0006632625544227277,3.2224418013437255,3.4454812776697903,5.481742003024591e-05,-22699.932450629833,0.00013342604823551873,16.886708356964224,12.878577780915942,7.791255909310246e-07,-28378.47650585343,0.00013342604823551873,16.886708356964224,12.878577780915942,7.791255909310246e-07,-28378.47650585343,95.96481184680259,20.116626115226186,20.116626115226186
0,hyper,air,s5,0.001177152707275592,0.0016660079064269434,0.0005931367307603352,1.8419766486608515,2.9836685913946157,4.3,9.783279380569929e-06,-13495.276376377267,0.0005931367307603352,1.8419766486608515,2.9836685913946157,9.783279380569929e-06,-13495.276376377267,0.0003869079835330247,12.364093126098327,5.952053240263951,7.241164830458906e-07,-15432.26382548758,0.0003869079835330247,12.364093126098327,5.952053240263951,7.241164830458906e-07,-15432.26382548758,141.52861358852587,65.23082511464966,65.23082511464966
0,mix,sf6,s2,0.0019354773289041308,0.0013883770385776687,0.0008638394323203791,3.8064932857323317,3.7029947976344593,4.3,2.222229916459972e-05,-18940.80650555196,0.0008638394323203791,3.8064932857323317,3.7029947976344593,2.222229916459972e-05,-18940.80650555196,0.00025208724940917193,13.621342135625124,7.583631787391017,6.086304251718933e-07,-22793.87926933108,0.00025208724940917193,13.621342135625124,7.583631787391017,6.086304251718933e-07,-22793.87926933108,71.73305612232457,29.182188260616275,29.182188260616275
0,mix,air,s5,0.0016155309661539732,0.0024045644231915166,0.0006976050051623606,6.063684377584971,2.7731606471195476,2.8,1.4234995667702474e-05,-17661.365669639843,0.0006976050051623606,6.063684377584971,2.7731606471195476,1.4234995667702474e-05,-17661.365669639843,0.0002609442802556927,17.60784678914069,8.091172305521686,7.392438785758166e-07,-20557.082039737263,0.0002609442802556927,17.60784678914069,8.091172305521686,7.392438785758166e-07,-20557.082039737263,148.84050343621468,37.40573509717875,37.40573509717875
0,room,air,s5,0.0016828422937121411,0.0018553247994303117,0.0010460091935446947,2.479477187066692,3.8114808631099493,6.8,2.719830183469396e-05,-19353.55207958786,0.0010460091935446947,2.479477187066692,3.8114808631099493,2.719830183469396e-05,-19353.55207958786,0.0006466697533802357,8.819684272654133,6.2369640787043785,4.9579356723485196e-06,-21234.4444927584,0.0006466697533802357,8.819684272654133,6.2369640787043785,4.9579356723485196e-06,-21234.4444927584,110.24947532889107,61.82256880446857,61.82256880446857
0,hyper,air,s5,0.00266199886894362,0.00035430477062069405,0.0019137136627387363,2.1076229242678703,3.279317864916373,6.8,2.1800784530806226e-05,-9548.44077554081,0.0019137136627387363,2.1076229242678703,3.279317864916373,2.1800784530806226e-05,-9548.44077554081,0.0001415357549536811,9.386027322154465,5.574141267136647,7.660876545851825e-08,-12712.995026585406,0.0001415357549536811,9.386027322154465,5.574141267136647,7.660876545851825e-08,-12712.995026585406,13.309726565034016,7.395868969819014,7.395868969819014
0,mix,sf6,s2,0.0016722567382069261,0.0037414081640804253,0.0011914291132002486,4.259416588176406,3.206254784604117,6.8,8.83704790899878e-06,-19379.629947012498,0.0011914291132002486,4.259416588176406,3.206254784604117,8.83704790899878e-06,-19379.629947012498,0.0013127552791378783,11.633210029428255,5.903964708475383,1.0393557260360141e-05,-19210.4206713778,0.0013127552791378783,11.633210029428255,5.903964708475383,1.0393557260360141e-05,-19210.4206713778,223.73407614982267,110.1832467071197,110.1832467071197
0,hyper,sf6,s6,0.0029045054310462204,0.0012433663275615624,0.002075071357630076,3.773931724116295,3.047181154966757,6.8,3.669714257770052e-05,-17477.176962554102,0.002075071357630076,3.773931724116295,3.047181154966757,3.669714257770052e-05,-17477.176962554102,0.0004741559354248803,16.959054145467917,5.523906101806056,1.0503176595793965e-06,-21101.855329152142,0.0004741559354248803,16.959054145467917,5.523906101806056,1.0503176595793965e-06,-21101.855329152142,42.808194271948544,22.850102657019487,22.850102657019487
0,hyper,sf6,s3,0.002250375414163815,0.0016971494981284179,0.0010875635751590451,5.189235400866335,2.990708716118603,4.3,2.4422060245275258e-05,-21115.170426337267,0.0010875635751590451,5.189235400866335,2.990708716118603,2.4422060245275258e-05,-21115.170426337267,0.0003240358399083654,20.215377965620803,6.9497372186365745,5.482868546748918e-07,-25644.3275263784,0.0003240358399083654,20.215377965620803,6.9497372186365745,5.482868546748918e-07,-25644.3275263784,75.41628332084483,29.794657278861003,29.794657278861003
0,hyper,sf6,s3,0.0008199390138942993,0.007456432937654635,0.0003321708539087975,7.339070544443299,3.417457193577553,2.8,4.51000794920562e-06,-26649.885642063393,0.0003321708539087975,7.339070544443299,3.417457193577553,4.51000794920562e-06,-26649.885642063393,0.0006852833256274504,18.39787186113915,9.427069986995175,4.503585335502567e-06,-26651.8308971712,0.0006852833256274504,18.39787186113915,9.427069986995175,4.503585335502567e-06,-26651.8308971712,909.3887241979518,206.304471799204,206.304471799204
0,mix,sf6,s3,0.001695431544529937,0.0038023144136789086,0.0012093554078043134,2.8536303699645837,3.2593896006466103,6.8,1.4176822394857454e-05,-20476.310410426762,0.0012093554078043134,2.8536303699645837,3.2593896006466103,1.4176822394857454e-05,-20476.310410426762,0.0013354160278002958,9.509971977732729,5.691863563292258,7.595592661358965e-06,-21178.9797198365,0.0013354160278002958,9.509971977732729,5.691863563292258,7.595592661358965e-06,-21178.9797198365,224.26823577433854,110.42378602538818,110.42378602538818
0,room,air,s3,0.0015724492932609204,0.002062125698013316,0.0010063295531446137,4.204334043192059,3.729875110568603,6.8,1.931448007652277e-05,-18000.406235375962,0.0010063295531446137,4.204334043192059,3.729875110568603,1.931448007652277e-05,-18000.406235375962,0.0006649497775526036,12.764500017702058,6.3258827330304115,4.845267148599148e-06,-19401.236015192262,0.0006649497775526036,12.764500017702058,6.3258827330304115,4.845267148599148e-06,-19401.236015192262,131.14099811364426,66.07674150826092,66.07674150826092
0,hyper,air,s3,0.0006514477044049257,0.0010402983118254412,0.00019211748900183068,4.038534144156658,3.2971677963129338,2.8,1.2881880087365158e-06,-18664.17794786103,0.00019211748900183068,4.038534144156658,3.2971677963129338,1.2881880087365158e-06,-18664.17794786103,0.00010792009123550272,17.839385017387183,8.655595513756758,1.254087388289083e-07,-20797.92076160855,0.00010792009123550272,17.839385017387183,8.655595513756758,1.254087388289083e-07,-20797.92076160855,159.69022605977509,56.17400674775338,56.17400674775338
0,room,air,s2,0.0019165911966925117,0.0025182875931873444,0.0009524404984819768,4.610820201544807,2.995407071075352,4.3,1.3765150453547568e-05,-19683.87217738912,0.0009524404984819768,4.610820201544807,2.995407071075352,1.3765150453547568e-05,-19683.87217738912,0.0005075271981540563,18.10016160634804,6.761814452112234,1.8071641081140963e-06,-21882.77506378276,0.0005075271981540563,18.10016160634804,6.761814452112234,1.8071641081140963e-06,-21882.77506378276,131.3940916317047,53.287024119928304,53.287024119928304
0,room,def,s1,0.0030955587732778064,0.003053436389279112,0.0014326226945982068,7.875701566837979,4.509937594269593,6.8,1.2194120762377964e-05,-23362.04857493402,0.0014326226945982068,7.875701566837979,4.509937594269593,1.2194120762377964e-05,-23362.04857493402,0.0008581497685618,15.093626676994113,7.203813605068625,1.8623556953942617e-06,-25741.00403976887,0.0008581497685618,15.093626676994113,7.203813605068625,1.8623556953942617e-06,-25741.00403976887,98.63926395575776,59.90061247790553,59.90061247790553
0,mix,sf6,s5,0.0019598056744448596,0.0050804728885962,0.0010295675759450784,6.391819961697285,2.9717741274204266,2.8,4.826228112992257e-05,-20482.815038663757,0.0010295675759450784,6.391819961697285,2.9717741274204266,4.826228112992257e-05,-20482.815038663757,0.00048177013042560723,14.156559124095905,9.256578048358985,1.9777399911878775e-06,-24326.03378818579,0.00048177013042560723,14.156559124095905,9.256578048358985,1.9777399911878775e-06,-24326.03378818579,259.23350232340306,46.7934443237854,46.7934443237854
0,hyper,sf6,s4,0.001872427972282399,0.000276536495744016,0.001866847628847701,1.6927313900572902,2.2851115740787846,6.8,1.1070140438527871e-05,-15637.813474865801,0.001866847628847701,1.6927313900572902,2.2851115740787846,1.1070140438527871e-05,-15637.813474865801,0.0006335898829223918,15.52888891694564,4.6615758810945,7.490457236928088e-06,-15974.138664770679,0.0006335898829223918,15.52888891694564,4.6615758810945,7.490457236928088e-06,-15974.138664770679,14.768872279072578,33.93902497085265,33.93902497085265
0,mix,def,s1,7.681981943824681e-05,0.0004069736875526936,4.0361340378769484e-05,6.312605917872217,2.5733610229925645,4.3,6.733501764364772e-08,-22927.115225967547,4.0361340378769484e-05,6.312605917872217,2.5733610229925645,6.733501764364772e-08,-22927.115225967547,8.82552193177677e-05,19.043888617952828,6.296883496339378,3.8554585298355e-08,-23473.5685040596,8.82552193177677e-05,19.043888617952828,6.296883496339378,3.8554585298355e-08,-23473.5685040596,529.7769384629285,218.66275621557634,218.66275621557634
0,mix,def,s2,5.3094843781904844e-05,0.0004052421760544291,2.74329714493593e-05,4.958553393340079,2.8837254496057327,4.3,2.82637135915975e-08,-16198.765688086385,2.74329714493593e-05,4.958553393340079,2.8837254496057327,2.82637135915975e-08,-16198.765688086385,8.469685468037724e-05,19.20563583167212,6.586051202209016,2.0380817615925987e-08,-16420.46126800133,8.469685468037724e-05,19.20563583167212,6.586051202209016,2.0380817615925987e-08,-16420.46126800133,763.2420536333491,308.7410885719248,308.7410885719248
0,mix,sf6,s4,0.002625166962413028,0.0046871026033681405,0.0008010400673328366,5.04976500218835,3.5868995592247437,2.8,2.820859601399856e-05,-21184.563505761453,0.0008010400673328366,5.04976500218835,3.5868995592247437,2.820859601399856e-05,-21184.563505761453,0.00041665579916538853,13.258408802835948,10.02820693726586,2.53683813937908e-06,-24089.465686753443,0.00041665579916538853,13.258408802835948,10.02820693726586,2.53683813937908e-06,-24089.465686753443,178.54493335006018,52.01435186041271,52.01435186041271
0,mix,def,s2,4.135496260987116e-05,0.00018414551040914006,4.9979937474686764e-05,299.1340965053967,1.467097699293225,6.8,1.445901171013102e-08,-15274.573362528186,4.9979937474686764e-05,299.1340965053967,1.467097699293225,1.445901171013102e-08,-15274.573362528186,7.865439919663153e-05,86.47973944717994,3.698055568566639,4.726534849531295e-08,-14535.470591384379,7.865439919663153e-05,86.47973944717994,3.698055568566639,4.726534849531295e-08,-14535.470591384379,445.28032136386395,157.37194396545107,157.37194396545107
0,hyper,def,s1,0.00032884203064570254,0.00014268868913750482,0.00017197161829440866,3.9154192404607366,2.782384542509444,4.3,3.8525920892508776e-07,-16461.704689726823,0.00017197161829440866,3.9154192404607366,2.782384542509444,3.8525920892508776e-07,-16461.704689726823,3.207913491576342e-05,17.97940929437801,6.038351124838733,5.3877525275879405e-09,-19745.171700543662,3.207913491576342e-05,17.97940929437801,6.038351124838733,5.3877525275879405e-09,-19745.171700543662,43.39125654264036,18.653737886472175,18.653737886472175
0,room,sf6,s5,0.0017189421794734743,0.003994156366530378,0.0011826731058632856,2.3534962235422205,2.416371904927141,4.3,2.5922584426943255e-05,-18146.149069949093,0.0011826731058632856,2.3534962235422205,2.416371904927141,2.5922584426943255e-05,-18146.149069949093,0.0008712289199754863,14.072574526650683,6.193624764772654,4.002195465877375e-06,-20083.54661267621,0.0008712289199754863,14.072574526650683,6.193624764772654,4.002195465877375e-06,-20083.54661267621,232.3612983744351,73.66608031046226,73.66608031046226
0,room,air,s5,0.0008723722378442721,0.0012301608271309355,0.0004022384906363641,3.5406525008342804,2.8163602784600426,2.8,5.760633033051293e-06,-19966.059062419143,0.0004022384906363641,3.5406525008342804,2.8163602784600426,5.760633033051293e-06,-19966.059062419143,0.00013033847453503,15.276930719866247,8.602927883575683,2.8134641535220856e-07,-23136.235803943346,0.00013033847453503,15.276930719866247,8.602927883575683,2.8134641535220856e-07,-23136.235803943346,141.01329384011558,32.403282522472466,32.403282522472466
0,mix,sf6,s5,0.004762512402776536,0.005367307310985584,0.0008945629238841235,4.838272857011028,3.3528991648995383,1.8,6.281625794279798e-05,-22750.496450937353,0.0008945629238841235,4.838272857011028,3.3528991648995383,6.281625794279798e-05,-22750.496450937353,0.00023048302238315443,13.869375815245899,13.192527161789057,2.9468969102858953e-06,-26874.65015191417,0.00023048302238315443,13.869375815245899,13.192527161789057,2.9468969102858953e-06,-26874.65015191417,112.69907261252388,25.76487536308959,25.76487536308959
0,hyper,sf6,s2,0.001201319440888754,0.0008057463995909744,0.0008681201997471355,4.367991249180006,3.1116470473149542,6.8,5.178709178433573e-06,-14423.909651566848,0.0008681201997471355,4.367991249180006,3.1116470473149542,5.178709178433573e-06,-14423.909651566848,0.00028905290012626317,15.39219713387616,5.748052365296808,3.36840589834471e-07,-16519.89156370375,0.00028905290012626317,15.39219713387616,5.748052365296808,3.36840589834471e-07,-16519.89156370375,67.07178558559505,33.29641450693786,33.29641450693786
0,hyper,sf6,s2,0.0030677499656768924,0.001555413787217336,0.0012584607393335556,5.609589475565376,3.6102854976576966,4.3,2.936475129333714e-05,-19674.83486923339,0.0012584607393335556,5.609589475565376,3.6102854976576966,2.936475129333714e-05,-19674.83486923339,0.00028552132995796065,18.036859933920496,7.334673843719807,4.612111259654444e-07,-24356.04844267738,0.00028552132995796065,18.036859933920496,7.334673843719807,4.612111259654444e-07,-24356.04844267738,50.70210429858606,22.688139648215362,22.688139648215362
0,mix,air,s2,0.0021475513096545426,0.0012954064117112838,0.0010812881860855494,4.258713807877086,2.904983882323838,4.3,2.4131876072789816e-05,-12878.287462086895,0.0010812881860855494,4.258713807877086,2.904983882323838,2.4131876072789816e-05,-12878.287462086895,0.00028041369867914945,18.323631776933812,6.412371379843624,3.6262260482493605e-07,-16014.13838341672,0.00028041369867914945,18.323631776933812,6.412371379843624,3.6262260482493605e-07,-16014.13838341672,60.3201611941772,25.933299030510597,25.933299030510597
0,room,def,s1,0.0006801177888757351,0.0013567971456095393,0.00013491189728287445,7.117491288596927,3.0986180145724704,1.8,2.4123258601472384e-06,-24381.54001376617,0.00013491189728287445,7.117491288596927,3.0986180145724704,2.4123258601472384e-06,-24381.54001376617,5.3891168248165755e-05,17.179606734079314,14.225838564643945,2.5007731548378544e-07,-27139.963634102915,5.3891168248165755e-05,17.179606734079314,14.225838564643945,2.5007731548378544e-07,-27139.963634102915,199.4944357877163,39.94545279811037,39.94545279811037
0,hyper,def,s1,0.0007658633251008372,0.0002739541336720102,0.0002033602264093215,8.096281425518926,2.528236012846604,1.8,3.4205438973691835e-06,-23253.57798159684,0.0002033602264093215,8.096281425518926,2.528236012846604,3.4205438973691835e-06,-23253.57798159684,1.1469520549090007e-05,18.808239745810685,12.807189450293585,1.7430079173785075e-08,-29499.057844737526,1.1469520549090007e-05,18.808239745810685,12.807189450293585,1.7430079173785075e-08,-29499.057844737526,35.77062965326615,5.640001858575957,5.640001858575957
0,hyper,air,s3,0.0008866876358361675,0.0037654152540161087,0.00029064889293795027,4.512684590609251,2.9596144652495493,1.8,1.5450657626227623e-05,-22754.94727627293,0.00029064889293795027,4.512684590609251,2.9596144652495493,1.5450657626227623e-05,-22754.94727627293,0.00018023876852768517,22.38687500391761,11.453709138875988,1.6618275236239506e-06,-25542.114342015073,0.00018023876852768517,22.38687500391761,11.453709138875988,1.6618275236239506e-06,-25542.114342015073,424.6608503190904,62.0125425924687,62.0125425924687
0,mix,sf6,s5,0.001557579897214922,0.002678821099542926,0.0010262203409514559,3.913167800911925,2.4242759333646076,4.3,6.116688406198115e-06,-19205.040613609184,0.0010262203409514559,3.913167800911925,2.4242759333646076,6.116688406198115e-06,-19205.040613609184,0.0005442428741009309,14.73705297796286,6.646487913811722,1.0852061462443358e-06,-20960.23025121558,0.0005442428741009309,14.73705297796286,6.646487913811722,1.0852061462443358e-06,-20960.23025121558,171.98611155247144,53.03372505716837,53.03372505716837
0,hyper,def,s5,0.0003386297371936512,0.00017047630673761315,0.00030223817816832366,2.9760803173266104,2.6368629079038644,6.8,4.783517665859019e-07,-13883.80513586639,0.00030223817816832366,2.9760803173266104,2.6368629079038644,4.783517665859019e-07,-13883.80513586639,7.677126067906492e-05,12.361173575844498,4.894173091930504,1.3934153251682432e-08,-16217.567432833925,7.677126067906492e-05,12.361173575844498,4.894173091930504,1.3934153251682432e-08,-16217.567432833925,50.34298173291359,25.400914320066203,25.400914320066203
0,room,air,s4,0.001533170719364797,0.002221804400490304,0.000893091096581422,6.296014871133712,2.5612347121711796,4.3,8.398789966457247e-06,-19688.047695558587,0.000893091096581422,6.296014871133712,2.5612347121711796,8.398789966457247e-06,-19688.047695558587,0.0004822280039611382,22.700900710144833,6.199825572912264,9.099313703025034e-07,-22034.979968616302,0.0004822280039611382,22.700900710144833,6.199825572912264,9.099313703025034e-07,-22034.979968616302,144.91565566884896,53.99538813084271,53.99538813084271
0,hyper,air,s1,0.002994970700951439,0.00038144434514799454,0.001794662949930359,4.350991008048565,3.865654277273353,6.8,2.79733681309073e-05,-14019.956346740066,0.001794662949930359,4.350991008048565,3.865654277273353,2.79733681309073e-05,-14019.956346740066,0.00013153534846988002,14.817343998972618,6.190344088915582,8.548088326759979e-08,-18745.180141640227,0.00013153534846988002,14.817343998972618,6.190344088915582,8.548088326759979e-08,-18745.180141640227,12.736162828798884,7.329250791909655,7.329250791909655
0,mix,air,s2,0.002161284351216056,0.000943378802251995,0.0017910104112253133,4.74411794905304,2.781145563914864,6.8,1.3796497928938793e-05,-9712.0854561854,0.0017910104112253133,4.74411794905304,2.781145563914864,1.3796497928938793e-05,-9712.0854561854,0.00038332394839901696,14.292619149981775,5.3138883271127755,3.8858577299569065e-07,-11693.244614064673,0.00038332394839901696,14.292619149981775,5.3138883271127755,3.8858577299569065e-07,-11693.244614064673,43.648990551437564,21.402664439944115,21.402664439944115
0,mix,air,s3,0.0019305424121972864,0.0008254741025088606,0.0017065331930021799,2.760117074819141,2.6040992324686782,6.8,2.096781270775093e-05,-16276.142079651238,0.0017065331930021799,2.760117074819141,2.6040992324686782,2.096781270775093e-05,-16276.142079651238,0.00038059264448708774,10.668292388003955,4.845043459573174,5.205131802248526e-07,-19694.87603714998,0.00038059264448708774,10.668292388003955,4.845043459573174,5.205131802248526e-07,-19694.87603714998,42.75866188142069,22.302094447840112,22.302094447840112
0,hyper,air,s2,-0.0001515993098164844,0.004120419837714706,0.00031272243534030686,3.214694931776523,2.437060144561433,1.8,1.1502729207476899e-05,-25234.73118054109,0.00031272243534030686,3.214694931776523,2.437060144561433,1.1502729207476899e-05,-25234.73118054109,0.00020767532849119696,17.25184833466887,11.15587258645224,1.793297337232027e-06,-27758.612634311845,0.00020767532849119696,17.25184833466887,11.15587258645224,1.793297337232027e-06,-27758.612634311845,-2717.9674120565587,66.40883576683686,66.40883576683686
0,room,air,s5,0.0018000809014932328,0.001953715011021595,0.0007741404278605035,1.178703775080971,3.541796919641076,4.3,2.5965440370264688e-05,-16704.225152529005,0.0007741404278605035,1.178703775080971,3.541796919641076,2.5965440370264688e-05,-16704.225152529005,0.0004264566950986648,11.175861617053986,6.57832337037,2.5400189389118595e-06,-18933.511661661752,0.0004264566950986648,11.175861617053986,6.57832337037,2.5400189389118595e-06,-18933.511661661752,108.5348447061972,55.08776957654384,55.08776957654384
0,hyper,air,s1-2,-0.00983040375210613,0.00464025573677212,5.224676743709189e-05,14.359783273021625,2.3950022376836517,1.8,0.00018760796348151946,-21544.290091196894,5.224676743709189e-05,14.359783273021625,2.3950022376836517,0.00018760796348151946,-21544.290091196894,0.0002198047005155246,18.435294971333896,11.754341391618485,3.1728130055559365e-06,-27109.049868453494,0.0002198047005155246,18.435294971333896,11.754341391618485,3.1728130055559365e-06,-27109.049868453494,-47.20310430563914,420.70488050802777,420.70488050802777
0,room,def,s4,0.0004685351561749178,0.0019267750358741482,0.00020168377864404619,4.307475841331183,2.8556071171529074,2.8,6.514682908630197e-07,-26377.13625157365,0.00020168377864404619,4.307475841331183,2.8556071171529074,6.514682908630197e-07,-26377.13625157365,0.00019480664341942067,15.706629397951382,8.946515615291673,4.440225471766596e-07,-26850.577677526217,0.00019480664341942067,15.706629397951382,8.946515615291673,4.440225471766596e-07,-26850.577677526217,411.2338232213309,96.59013963797106,96.59013963797106
0,room,air,s1,0.0010211943806350972,0.0033432913035629976,0.00023584262861775507,5.800702671213089,3.4013991929911924,1.8,4.96510325970097e-06,-26559.52655994211,0.00023584262861775507,5.800702671213089,3.4013991929911924,4.96510325970097e-06,-26559.52655994211,0.0001392745842641041,19.827913599743095,13.757735448704736,8.314901665183083e-07,-29002.314415181158,0.0001392745842641041,19.827913599743095,13.757735448704736,8.314901665183083e-07,-29002.314415181158,327.3902958106517,59.05403322561976,59.05403322561976
0,mix,air,s1,0.0022175301523251925,0.0019688517467061,0.0008001368821790589,4.425694192555015,2.7221462960232725,2.8,1.984073261513711e-05,-17130.509438126905,0.0008001368821790589,4.425694192555015,2.7221462960232725,1.984073261513711e-05,-17130.509438126905,0.00021449724539168713,15.617919591530356,8.157467121682453,7.625026470254476e-07,-20285.111402023023,0.00021449724539168713,15.617919591530356,8.157467121682453,7.625026470254476e-07,-20285.111402023023,88.78579371927184,26.80756882591569,26.80756882591569
0,hyper,sf6,s4,0.001128763865449209,0.0017253908724749211,0.0003123539649323437,4.308347229517551,4.248386224488259,2.8,9.858684204284627e-06,-25444.17771742348,0.0003123539649323437,4.308347229517551,4.248386224488259,9.858684204284627e-06,-25444.17771742348,0.0001673079221045093,13.726848847236743,9.527793057758766,3.6999722115463564e-07,-29901.965486493395,0.0001673079221045093,13.726848847236743,9.527793057758766,3.6999722115463564e-07,-29901.965486493395,152.85667138080075,53.56356598218576,53.56356598218576
0,hyper,def,s1,0.00015466629109001258,3.6270920615113016e-05,3.8658603759289534e-05,2.4439666912646154,3.908639121118341,2.8,1.426998574506783e-07,-20750.357950629023,3.8658603759289534e-05,2.4439666912646154,3.908639121118341,1.426998574506783e-07,-20750.357950629023,3.4332337099929333e-06,14.20073935724616,9.005183361811909,2.803532081779612e-10,-26477.978157549158,3.4332337099929333e-06,14.20073935724616,9.005183361811909,2.803532081779612e-10,-26477.978157549158,23.45108320597414,8.880904575266609,8.880904575266609
0,hyper,sf6,s1,0.0017450345683920796,0.0064974453276770774,0.00034109048162278555,7.139838337838869,3.257979683906936,1.8,6.92364230782992e-06,-25803.556749444404,0.00034109048162278555,7.139838337838869,3.257979683906936,6.92364230782992e-06,-25803.556749444404,0.0002846140732226665,16.703487143464464,12.262149538454432,7.98633198373016e-06,-25610.50520717363,0.0002846140732226665,16.703487143464464,12.262149538454432,7.98633198373016e-06,-25610.50520717363,372.3390610917234,83.44239682930329,83.44239682930329
0,hyper,sf6,s5,0.0024837334686854443,0.001301809059674008,0.0011602902058549525,6.185678569780512,3.3040183779265533,4.3,2.404702869844068e-05,-18484.23930758936,0.0011602902058549525,6.185678569780512,3.3040183779265533,2.404702869844068e-05,-18484.23930758936,0.00026170548005111094,19.965874859945384,6.951833997790484,4.711388344471687e-07,-22617.416521951094,0.00026170548005111094,19.965874859945384,6.951833997790484,4.711388344471687e-07,-22617.416521951094,52.41339604619538,22.555174449505493,22.555174449505493
0,hyper,air,s3,0.001349665936078465,0.0020448132173762515,0.0005327861914778964,2.5963620156994573,3.8571578267957136,4.3,8.748710031145819e-06,-16189.917099029613,0.0005327861914778964,2.5963620156994573,3.8571578267957136,8.748710031145819e-06,-16189.917099029613,0.0004007262610299378,13.352901166975053,7.023461118583155,1.455397172047068e-06,-17766.51561055919,0.0004007262610299378,13.352901166975053,7.023461118583155,1.455397172047068e-06,-17766.51561055919,151.50513639823927,75.21333462460103,75.21333462460103
0,mix,sf6,s4,0.0018685568487916806,0.0022582769073033193,0.0009296282402095901,4.047726288312946,3.185005521451698,4.3,1.6088026947926176e-05,-20562.738717779444,0.0009296282402095901,4.047726288312946,3.185005521451698,1.6088026947926176e-05,-20562.738717779444,0.0004415447941932271,16.156705987175098,7.097345646928511,1.048447573447915e-06,-23670.349013376035,0.0004415447941932271,16.156705987175098,7.097345646928511,1.048447573447915e-06,-23670.349013376035,120.85674079242786,47.496921360056604,47.496921360056604
0,mix,def,s1,0.0002562825866847036,0.00017855796578336735,5.680572552968499e-05,5.309701437801446,3.1525685473206106,1.8,1.622524001663851e-07,-29758.532665720915,5.680572552968499e-05,5.309701437801446,3.1525685473206106,1.622524001663851e-07,-29758.532665720915,6.998127865198711e-06,17.752503890722174,14.146468615098673,3.9042285512144755e-09,-34622.388950879824,6.998127865198711e-06,17.752503890722174,14.146468615098673,3.9042285512144755e-09,-34622.388950879824,69.67229732351717,12.319405834437756,12.319405834437756
0,room,sf6,s4,0.001824463972343935,0.006064434273540563,0.0005587095361141436,8.023716707065306,3.2313303682514913,2.8,1.0677607162465122e-05,-24589.228433917113,0.0005587095361141436,8.023716707065306,3.2313303682514913,1.0677607162465122e-05,-24589.228433917113,0.0005826977261464972,15.923720177645801,8.87357810815799,5.498925974941289e-06,-25465.175106509563,0.0005826977261464972,15.923720177645801,8.87357810815799,5.498925974941289e-06,-25465.175106509563,332.39539752322054,104.29349930183629,104.29349930183629
0,room,sf6,s1,0.0001603970487525834,0.005925613503860664,0.00046849503830426187,4.786625310562293,2.6940107092149295,2.8,1.1449412657439915e-05,-23480.870154403205,0.00046849503830426187,4.786625310562293,2.6940107092149295,1.1449412657439915e-05,-23480.870154403205,0.0005898708126976793,15.867171922681646,8.613691984895416,4.225730680861583e-06,-24744.74439219967,0.0005898708126976793,15.867171922681646,8.613691984895416,4.225730680861583e-06,-24744.74439219967,3694.3407312942995,125.90759014924518,125.90759014924518
0,hyper,def,s4,0.0009770048713724695,0.000430096540698934,0.00032026440078714025,4.134404617569353,2.926470103801365,2.8,2.741769862117741e-06,-17004.02328152427,0.00032026440078714025,4.134404617569353,2.926470103801365,2.741769862117741e-06,-17004.02328152427,4.34306313108479e-05,17.02931597174856,8.736031660582286,1.5186278557921736e-08,-21519.31828493953,4.34306313108479e-05,17.02931597174856,8.736031660582286,1.5186278557921736e-08,-21519.31828493953,44.02194434248278,13.560867584441121,13.560867584441121
0,hyper,sf6,s2,0.001339842769244354,0.006532337838401535,0.0002823804522429363,7.563533354734773,4.370844763432019,2.8,7.852483630201302e-06,-24835.393121527173,0.0002823804522429363,7.563533354734773,4.370844763432019,7.852483630201302e-06,-24835.393121527173,0.000550110449241803,19.880524443907436,10.314633609938157,3.863315609934416e-06,-25766.000083260733,0.000550110449241803,19.880524443907436,10.314633609938157,3.863315609934416e-06,-25766.000083260733,487.5451051682467,194.81180261321148,194.81180261321148
0,hyper,air,s2,0.0005361203915421014,0.000869111274449567,0.00017384352211569087,3.5247988762386653,3.222295943530092,2.8,1.1439156042307718e-06,-19267.790915374637,0.00017384352211569087,3.5247988762386653,3.222295943530092,1.1439156042307718e-06,-19267.790915374637,8.851421924749303e-05,17.080161947986568,8.805404662258775,1.015433168344782e-07,-21541.792495515692,8.851421924749303e-05,17.080161947986568,8.805404662258775,1.015433168344782e-07,-21541.792495515692,162.11121385434487,50.916029639912516,50.916029639912516
0,mix,sf6,s1,0.0029643063170261582,0.0028201035750642744,0.0022554696720795686,3.359448204868894,2.9954185487116534,6.8,3.2138008359838805e-05,-15862.945312709644,0.0022554696720795686,3.359448204868894,2.9954185487116534,3.2138008359838805e-05,-15862.945312709644,0.0010248709600582107,9.837399029273435,5.73343690066118,4.90778666614461e-06,-17599.341202918113,0.0010248709600582107,9.837399029273435,5.73343690066118,4.90778666614461e-06,-17599.341202918113,95.13536299762197,45.43935893907489,45.43935893907489
0,room,def,s5,0.0019005087689227002,0.0016818639320146174,0.000971950149013967,5.614575950384006,4.427136303345324,6.8,9.443227963191307e-06,-18822.73243010002,0.000971950149013967,5.614575950384006,4.427136303345324,9.443227963191307e-06,-18822.73243010002,0.0005239373263143943,14.425385490263269,7.092432500018774,7.777490915396114e-07,-21364.321293536188,0.0005239373263143943,14.425385490263269,7.092432500018774,7.777490915396114e-07,-21364.321293536188,88.49545761201506,53.905781777586334,53.905781777586334
0,room,air,s3,0.0010410151332476592,0.0014308413072674007,0.00028095802307426254,6.177901507618443,3.706194825082946,2.8,3.875366446895129e-06,-21261.10414020653,0.00028095802307426254,6.177901507618443,3.706194825082946,3.875366446895129e-06,-21261.10414020653,0.00013261485786397742,21.431399247040062,9.627472795900438,2.3835300572354193e-07,-24309.090624575598,0.00013261485786397742,21.431399247040062,9.627472795900438,2.3835300572354193e-07,-24309.090624575598,137.4467345929544,47.20095066618717,47.20095066618717
0,room,def,s2,0.0005538423331089734,0.0009327123693018607,9.064264904146135e-05,7.9461711665065025,3.692244056352254,1.8,8.229621252476907e-07,-23461.093769497213,9.064264904146135e-05,7.9461711665065025,3.692244056352254,8.229621252476907e-07,-23461.093769497213,3.6183984592597085e-05,20.67208353605504,14.766803123709144,1.350302459985666e-07,-25478.164871234334,3.6183984592597085e-05,20.67208353605504,14.766803123709144,1.350302459985666e-07,-25478.164871234334,168.40756178136735,39.919381191127776,39.919381191127776
0,mix,air,s1,0.0004587357366787081,0.0018367170882314656,0.0004912173319056024,1.2443519546723767,2.164899571057432,6.8,9.006737711803302e-07,-19057.192725265082,0.0004912173319056024,1.2443519546723767,2.164899571057432,9.006737711803302e-07,-19057.192725265082,0.0008472647334336614,9.379195180141883,4.545641526943836,1.5929371936761196e-06,-18533.1864934068,0.0008472647334336614,9.379195180141883,4.545641526943836,1.5929371936761196e-06,-18533.1864934068,400.3867458701775,172.48266264279147,172.48266264279147
0,room,def,s1,0.0007656370880077136,0.0004665840528431382,0.00022637554847060315,7.71302361703818,3.2354118676846593,2.8,1.2002754179343648e-06,-22910.03303562117,0.00022637554847060315,7.71302361703818,3.2354118676846593,1.2002754179343648e-06,-22910.03303562117,4.4763332874619977e-05,21.44117883134071,9.049421474130327,2.0169259992651728e-08,-27445.65583000697,4.4763332874619977e-05,21.44117883134071,9.049421474130327,2.0169259992651728e-08,-27445.65583000697,60.94062841930111,19.773925751717343,19.773925751717343
0,mix,air,s5,0.0022859232490301503,0.0013549943233037084,0.0011948915027411022,1.470148399326629,2.9111013062098023,4.3,2.5876479243001357e-05,-14394.245747879555,0.0011948915027411022,1.470148399326629,2.9111013062098023,2.5876479243001357e-05,-14394.245747879555,0.00030776342704075255,12.116161878672557,6.056008928377612,6.676255434718656e-07,-17440.828498004554,0.00030776342704075255,12.116161878672557,6.056008928377612,6.676255434718656e-07,-17440.828498004554,59.275582584786804,25.756600187944915,25.756600187944915
0,hyper,air,s5,-0.0035781472996221572,0.0024548031890313017,0.00012465649264559175,3.904767659273186,1.9598613920879497,1.8,3.340426771024065e-05,-23916.63045628037,0.00012465649264559175,3.904767659273186,1.9598613920879497,3.340426771024065e-05,-23916.63045628037,0.00011828688802228982,21.049526536139805,11.393360479882745,6.454242799798657e-07,-29303.64533625199,0.00011828688802228982,21.049526536139805,11.393360479882745,6.454242799798657e-07,-29303.64533625199,-68.6054257545664,94.89027447498366,94.89027447498366
0,mix,sf6,s1,0.004283248194389494,0.005506160184772346,0.0009489317564763677,3.1824665408488055,2.863695527852329,1.8,4.6416861346998274e-05,-22740.29555348459,0.0009489317564763677,3.1824665408488055,2.863695527852329,4.6416861346998274e-05,-22740.29555348459,0.00023499786509773024,11.609076494845118,13.372893664456262,2.2778887937322055e-06,-26734.393756319492,0.00023499786509773024,11.609076494845118,13.372893664456262,2.2778887937322055e-06,-26734.393756319492,128.55104198689,24.764464198177844,24.764464198177844
0,hyper,air,s3,0.0024999566234604888,0.00036098181253910763,0.0015257377459445554,5.793495815270439,3.7839253268264503,6.8,2.1813134229613796e-05,-10163.207295206472,0.0015257377459445554,5.793495815270439,3.7839253268264503,2.1813134229613796e-05,-10163.207295206472,0.00012505064079881834,17.786147465907447,6.400535604642289,7.410264445715734e-08,-13539.988198555944,0.00012505064079881834,17.786147465907447,6.400535604642289,7.410264445715734e-08,-13539.988198555944,14.439523036180907,8.196077021179144,8.196077021179144
0,room,air,s1,0.0016952290087425092,0.0029646013764794707,0.0005282621467068704,4.511855046731668,3.1380205767567704,2.8,7.1013888157524965e-06,-21036.090304032543,0.0005282621467068704,4.511855046731668,3.1380205767567704,7.1013888157524965e-06,-21036.090304032543,0.0002875082802660245,16.891525216846194,9.317835513766097,1.0552518674947567e-06,-23161.849954604844,0.0002875082802660245,16.891525216846194,9.317835513766097,1.0552518674947567e-06,-23161.849954604844,174.87910843848522,54.42530419003524,54.42530419003524
0,hyper,air,s1,0.0015323810721612236,0.002371810266980018,0.000535633353687448,3.9663933313690602,4.059806585207011,4.3,1.092828024627234e-05,-15112.275480616421,0.000535633353687448,3.9663933313690602,4.059806585207011,1.092828024627234e-05,-15112.275480616421,0.0004799986763825981,16.181424105542717,7.238396094894783,2.1744016295320864e-06,-16457.237641687705,0.0004799986763825981,16.181424105542717,7.238396094894783,2.1744016295320864e-06,-16457.237641687705,154.77940246513808,89.61329108393915,89.61329108393915
0,mix,def,s5,0.00039482627113463214,0.00033585901264554876,8.533443300540178e-05,4.758771772169851,2.859271105057866,1.8,2.8528880753586014e-07,-30255.036616412206,8.533443300540178e-05,4.758771772169851,2.859271105057866,2.8528880753586014e-07,-30255.036616412206,1.2364474971215955e-05,14.101064983593671,15.331171366223654,1.3502700333019242e-08,-34397.768169828676,1.2364474971215955e-05,14.101064983593671,15.331171366223654,1.3502700333019242e-08,-34397.768169828676,85.06501142397993,14.489432384736498,14.489432384736498
0,room,air,s2,0.0018535861968208176,0.003306327797514312,0.000575945204143169,5.167397472422646,3.2140126351978475,2.8,9.501805761826154e-06,-20143.953724726507,0.000575945204143169,5.167397472422646,3.2140126351978475,9.501805761826154e-06,-20143.953724726507,0.0003176915104354805,19.164851889151606,9.278972369176968,1.3616185081906534e-06,-22253.842983601357,0.0003176915104354805,19.164851889151606,9.278972369176968,1.3616185081906534e-06,-22253.842983601357,178.3746449550157,55.160023583859626,55.160023583859626
0,mix,air,s3,0.002108662012099307,0.0010819457877715133,0.0009890875198148574,4.358369448558388,3.122640968343662,4.3,2.428494737731002e-05,-15882.019235887728,0.0009890875198148574,4.358369448558388,3.122640968343662,2.428494737731002e-05,-15882.019235887728,0.00022522384274559215,19.24392429023771,6.410476167290315,2.534286952500222e-07,-20038.48359717624,0.00022522384274559215,19.24392429023771,6.410476167290315,2.534286952500222e-07,-20038.48359717624,51.309587860141114,22.770870952628208,22.770870952628208
0,room,def,s2,0.0031659029605709266,0.002664997165668793,0.0015971590039467465,6.062742008272151,4.402756251540934,6.8,1.1845485798853257e-05,-17745.12566154014,0.0015971590039467465,6.062742008272151,4.402756251540934,1.1845485798853257e-05,-17745.12566154014,0.0008329840381804399,12.891141023891569,6.976938440450749,1.666017715392792e-06,-19655.637056634452,0.0008329840381804399,12.891141023891569,6.976938440450749,1.666017715392792e-06,-19655.637056634452,84.17810649471701,52.15410839634935,52.15410839634935
0,room,sf6,s1,0.0016139919115204825,0.007129166443214497,0.00029567319111922785,5.904773868511596,3.555403284151203,1.8,7.738545319772519e-06,-25173.844342132557,0.00029567319111922785,5.904773868511596,3.555403284151203,7.738545319772519e-06,-25173.844342132557,0.0002910818014498773,17.774184123164677,13.77224533347028,6.304779331094278e-06,-25445.959187409004,0.0002910818014498773,17.774184123164677,13.77224533347028,6.304779331094278e-06,-25445.959187409004,441.7101716760384,98.44714035385807,98.44714035385807
0,mix,air,s5,0.0018336393178461662,0.0009097919978902861,0.001309386969645221,4.121140793499224,3.249569387495316,6.8,2.4296069247665167e-05,-15734.119435727522,0.001309386969645221,4.121140793499224,3.249569387495316,2.4296069247665167e-05,-15734.119435727522,0.00031591278391607247,11.85505441960907,5.735689159868824,6.941395468047464e-07,-18944.64278270588,0.00031591278391607247,11.85505441960907,5.735689159868824,6.941395468047464e-07,-18944.64278270588,49.61673700141575,24.126770102322705,24.126770102322705
0,mix,air,s1,0.0013195550434402098,0.0025280918684671785,0.0007666101977685802,6.0921730698342555,2.618611680520353,1.8,3.835359546658745e-05,-23378.804748325794,0.0007666101977685802,6.0921730698342555,2.618611680520353,3.835359546658745e-05,-23378.804748325794,0.0001103573532221791,20.576341124485396,12.624056419691733,7.673752767671534e-07,-28643.85549254676,0.0001103573532221791,20.576341124485396,12.624056419691733,7.673752767671534e-07,-28643.85549254676,191.5866928806694,14.395497678403324,14.395497678403324
0,room,def,s4,0.0018920764505189892,0.0017313565008947045,0.0011523752340698579,4.776447676684839,3.750814639660235,6.8,5.552355278737741e-06,-16569.704876718675,0.0011523752340698579,4.776447676684839,3.750814639660235,5.552355278737741e-06,-16569.704876718675,0.0006109817643771276,13.216718187548896,6.263086593457461,6.890814875296532e-07,-18401.755443818267,0.0006109817643771276,13.216718187548896,6.263086593457461,6.890814875296532e-07,-18401.755443818267,91.50563130891462,53.01934181796981,53.01934181796981
0,mix,def,s1,5.0361907949029655e-05,0.00013765703331240065,7.292477176368273e-05,344.94153918064205,1.459082899922079,6.8,6.725019670308191e-09,-14834.359873225112,7.292477176368273e-05,344.94153918064205,1.459082899922079,6.725019670308191e-09,-14834.359873225112,5.808968661624725e-05,87.41988593532852,3.7462752667967196,2.5783031922017303e-08,-14042.813523838537,5.808968661624725e-05,87.41988593532852,3.7462752667967196,2.5783031922017303e-08,-14042.813523838537,273.335619952526,79.6570016077534,79.6570016077534
0,mix,sf6,s2,0.0018567931814969163,0.0055244727415399,0.0009590681481810304,4.704732861976575,2.7365388408890317,2.8,2.4296169174564964e-05,-24313.511912372298,0.0009590681481810304,4.704732861976575,2.7365388408890317,2.4296169174564964e-05,-24313.511912372298,0.0005249683127983573,11.581286557693712,9.340930815751417,3.1710166462218234e-06,-27088.943077890206,0.0005249683127983573,11.581286557693712,9.340930815751417,3.1710166462218234e-06,-27088.943077890206,297.52762971082,54.7373316269561,54.7373316269561
0,room,sf6,s2,0.0016498999372227714,0.0029902823625584936,0.0006880886375035811,3.720493111388424,3.604453979358654,4.3,1.8438306881810808e-05,-21678.354584236688,0.0006880886375035811,3.720493111388424,3.604453979358654,1.8438306881810808e-05,-21678.354584236688,0.0005587859534756934,14.520437045753704,7.383178036432847,3.3631182329729305e-06,-23728.736561778886,0.0005587859534756934,14.520437045753704,7.383178036432847,3.3631182329729305e-06,-23728.736561778886,181.24022524614122,81.20842621424413,81.20842621424413
0,hyper,air,s2,0.0028939997424414247,0.000443664186730368,0.001836499305751138,5.235941710798084,3.6543882983215488,6.8,3.987651278028279e-05,-9524.813624492523,0.001836499305751138,5.235941710798084,3.6543882983215488,3.987651278028279e-05,-9524.813624492523,0.00016028337093909606,17.056860947011025,6.055374788234093,1.0317079180419778e-07,-12968.050364478935,0.00016028337093909606,17.056860947011025,6.055374788234093,1.0317079180419778e-07,-12968.050364478935,15.330484665354039,8.727657584032645,8.727657584032645
0,room,sf6,s3,-0.0006519622625607278,0.00545162601625228,0.00035352819029710325,4.6991939015315785,2.778848431012302,2.8,1.783203237845293e-05,-23262.634581495957,0.00035352819029710325,4.6991939015315785,2.778848431012302,1.783203237845293e-05,-23262.634581495957,0.0005572258352481985,13.269349827517402,8.56415571898535,3.711513507420196e-06,-25281.084452583564,0.0005572258352481985,13.269349827517402,8.56415571898535,3.711513507420196e-06,-25281.084452583564,-836.187357660825,157.61850130817257,157.61850130817257
0,hyper,sf6,s1,0.0028200598518231144,0.0017138247661180853,0.0015753699865570514,2.467995821112181,2.7004259154710955,4.3,2.8708478532877126e-05,-18353.273741251513,0.0015753699865570514,2.467995821112181,2.7004259154710955,2.8708478532877126e-05,-18353.273741251513,0.00036246054495769897,14.690252623136134,6.356824555827105,6.243435471450625e-07,-22388.246083670863,0.00036246054495769897,14.690252623136134,6.356824555827105,6.243435471450625e-07,-22388.246083670863,60.772638034973994,23.00796308490371,23.00796308490371
0,hyper,def,s2,0.00014498367160158403,7.307154985257456e-05,4.794173679889546e-05,306.16233571768845,1.4051882377060498,2.8,4.363511490101169e-07,-18982.340435913637,4.794173679889546e-05,306.16233571768845,1.4051882377060498,4.363511490101169e-07,-18982.340435913637,8.75958053336845e-06,24.759086568387755,7.263356524674121,2.0810490170298063e-09,-23718.520067673722,8.75958053336845e-06,24.759086568387755,7.263356524674121,2.0810490170298063e-09,-23718.520067673722,50.39984782105367,18.271304125073463,18.271304125073463
0,room,def,s1,0.001049851144042801,0.0011122794139837562,0.0004554187240595198,4.530115872704031,3.4176505441008933,4.3,2.0188820642361668e-06,-21256.651750654986,0.0004554187240595198,4.530115872704031,3.4176505441008933,2.0188820642361668e-06,-21256.651750654986,0.00021538196823045475,16.48645222471348,7.084388068005088,1.7002261348274725e-07,-23877.007203154826,0.00021538196823045475,16.48645222471348,7.084388068005088,1.7002261348274725e-07,-23877.007203154826,105.94639252385385,47.29317369970629,47.29317369970629
0,room,air,s4,0.0014524792915583044,0.0017388173530391087,0.0009065011975251114,2.092614811756405,3.7736775458503358,6.8,1.75610569547422e-05,-17757.306670094345,0.0009065011975251114,2.092614811756405,3.7736775458503358,1.75610569547422e-05,-17757.306670094345,0.0006764807828476549,7.755566673726127,6.06651804773562,6.581708675312995e-06,-18733.78911186468,0.0006764807828476549,7.755566673726127,6.06651804773562,6.581708675312995e-06,-18733.78911186468,119.7137448461385,74.62547040142387,74.62547040142387
0,hyper,def,s3,0.0002408716764895144,7.259488730776444e-05,0.00011816904494899028,2.920696111991563,3.0629052076256658,4.3,2.8317492056064266e-07,-17289.656805080755,0.00011816904494899028,2.920696111991563,3.0629052076256658,2.8317492056064266e-07,-17289.656805080755,1.6011075404387398e-05,17.266124954145607,6.347874437794845,8.91376083720634e-10,-21869.69445635762,1.6011075404387398e-05,17.266124954145607,6.347874437794845,8.91376083720634e-10,-21869.69445635762,30.13840745652162,13.549297458821687,13.549297458821687
0,hyper,air,s5,0.0005669730985130238,0.0012551085437077995,0.00016021289949996742,4.9727326972698895,3.3615871844744616,2.8,1.1066072170247587e-06,-17341.61437257957,0.00016021289949996742,4.9727326972698895,3.3615871844744616,1.1066072170247587e-06,-17341.61437257957,0.00012350707186059573,22.1317496893411,9.098903899231294,7.668063929904843e-07,-17652.67748146431,0.00012350707186059573,22.1317496893411,9.098903899231294,7.668063929904843e-07,-17652.67748146431,221.37003448656017,77.08934314656783,77.08934314656783
0,room,sf6,s5,0.0005990738708029108,0.005399643260990469,0.0006465029705344794,5.337224007811372,2.6906313438913587,2.8,1.8501928078059117e-05,-23234.26610137226,0.0006465029705344794,5.337224007811372,2.6906313438913587,1.8501928078059117e-05,-23234.26610137226,0.0005695229783722056,13.939294683397197,8.13267944942134,4.154512624663357e-06,-25156.632035090086,0.0005695229783722056,13.939294683397197,8.13267944942134,4.154512624663357e-06,-25156.632035090086,901.3317929813194,88.0928633477689,88.0928633477689
0,room,sf6,s2,0.002210354453592335,0.007704521146696763,0.00047964351340046285,4.485959945371977,3.2119441247171245,1.8,1.2817887907176079e-05,-24289.72701282095,0.00047964351340046285,4.485959945371977,3.2119441247171245,1.2817887907176079e-05,-24289.72701282095,0.00032422204391280296,15.954928995887613,13.447932877257028,5.995493847353725e-06,-25290.427767173253,0.00032422204391280296,15.954928995887613,13.447932877257028,5.995493847353725e-06,-25290.427767173253,348.5649613425187,67.59646171678845,67.59646171678845
0,room,sf6,s1,0.0019430395262768547,0.0032356514222701936,0.000979740300540044,4.129702901992227,3.0801314216062705,4.3,1.3831341984006853e-05,-21581.500238372457,0.000979740300540044,4.129702901992227,3.0801314216062705,1.3831341984006853e-05,-21581.500238372457,0.0006103342722778571,15.709214036596762,7.049095926070949,2.6952938804986475e-06,-23514.578415939694,0.0006103342722778571,15.709214036596762,7.049095926070949,2.6952938804986475e-06,-23514.578415939694,166.5252496674718,62.295515652610575,62.295515652610575
0,mix,sf6,s2,-0.0013079928316226484,0.006327596924879701,0.0007902148484941751,5.663225456972741,2.9743184165883156,1.8,0.00010452874992183063,-22446.40176136038,0.0007902148484941751,5.663225456972741,2.9743184165883156,0.00010452874992183063,-22446.40176136038,0.0002009689312754137,9.807148788620879e-07,8.581031873991762,0.00014476270810707734,-22000.283518860517,0.0002009689312754137,9.807148788620879e-07,8.581031873991762,0.00014476270810707734,-22000.283518860517,-483.76388401379194,25.432188683669754,25.432188683669754
0,hyper,air,s1,0.0008508459153619614,0.0024259599887655635,0.0001381912134916785,2.1744702257928865,3.972043049967736,1.8,3.390203666440019e-06,-23946.698228725065,0.0001381912134916785,2.1744702257928865,3.972043049967736,3.390203666440019e-06,-23946.698228725065,0.00010765672580181906,16.800060487320003,12.887295281177739,5.378977035850556e-07,-26185.326111301092,0.00010765672580181906,16.800060487320003,12.887295281177739,5.378977035850556e-07,-26185.326111301092,285.1233043451266,77.90417572988592,77.90417572988592
0,room,def,s3,0.0016733398778040038,0.0015899550960871316,0.0007484079234896246,16.34372734107779,5.097206339290169,6.8,4.950331859491372e-06,-18333.753166618804,0.0007484079234896246,16.34372734107779,5.097206339290169,4.950331859491372e-06,-18333.753166618804,0.0004523882185305528,27.03920214072023,7.742154913916906,5.430083313012797e-07,-20457.645075267028,0.0004523882185305528,27.03920214072023,7.742154913916906,5.430083313012797e-07,-20457.645075267028,95.01686520336193,60.446743591541406,60.446743591541406
0,hyper,sf6,s1,0.011216256882450173,0.003378399260906684,0.005239015628018873,4.0877058679575615,4.32064160662973,6.8,0.00031221603607978167,-20898.422394660458,0.005239015628018873,4.0877058679575615,4.32064160662973,0.00031221603607978167,-20898.422394660458,0.0009795664268910098,14.721283817278477,6.296870830540053,2.8339183939719595e-06,-27326.10427523794,0.0009795664268910098,14.721283817278477,6.296870830540053,2.8339183939719595e-06,-27326.10427523794,30.12055890225544,18.69752824656932,18.69752824656932
0,hyper,air,s2,0.0010183304150325372,0.0016123300362356537,0.00042726148875904535,6.285182972141461,3.514788823668808,4.3,2.611319112619699e-06,-24746.388809173197,0.00042726148875904535,6.285182972141461,3.514788823668808,2.611319112619699e-06,-24746.388809173197,0.00031241920827396186,21.829135908906178,6.9992696573726265,5.951524445000428e-07,-26578.61358125005,0.00031241920827396186,21.829135908906178,6.9992696573726265,5.951524445000428e-07,-26578.61358125005,158.3307355289135,73.12131247339052,73.12131247339052
0,mix,def,s2,0.00013192533832180842,0.00011941695462495725,3.026886478196822e-05,14.073778289938412,2.6762966264777974,1.8,8.102517975123154e-08,-28487.102765288993,3.026886478196822e-05,14.073778289938412,2.6762966264777974,8.102517975123154e-08,-28487.102765288993,4.659729292866288e-06,17.89779192213726,14.475103311308853,2.1245396810029275e-09,-32914.807813379826,4.659729292866288e-06,17.89779192213726,14.475103311308853,2.1245396810029275e-09,-32914.807813379826,90.51858888067493,15.394463341889796,15.394463341889796
0,hyper,sf6,s5,0.0018753601397381535,0.0017317627025447376,0.0015113142532645618,2.9609264017973964,2.817842738269751,6.8,1.2944688288302147e-05,-16207.385593560204,0.0015113142532645618,2.9609264017973964,2.817842738269751,1.2944688288302147e-05,-16207.385593560204,0.0006534742858377296,11.385090492204114,5.45893846668388,1.7811856064005982e-06,-17988.484468584622,0.0006534742858377296,11.385090492204114,5.45893846668388,1.7811856064005982e-06,-17988.484468584622,92.34294074238638,43.23880916402211,43.23880916402211
0,mix,def,s5,0.00013918122807572735,0.0008117051259996787,9.943856455141287e-05,4.503057358175582,3.1715510274534235,6.8,4.6815455257919615e-08,-25118.619786650426,9.943856455141287e-05,4.503057358175582,3.1715510274534235,4.6815455257919615e-08,-25118.619786650426,0.00031277576922228434,13.611106691845398,5.619500348452463,1.675621762684076e-07,-23774.62107248959,0.00031277576922228434,13.611106691845398,5.619500348452463,1.675621762684076e-07,-23774.62107248959,583.2001464723652,314.5417179273233,314.5417179273233
0,mix,air,s4,0.002014508809038209,0.0008212163758081947,0.00032436356693898993,120.8115077254089,14.246968290145697,6.8,1.871793876433991e-05,-24688.135674728008,0.00032436356693898993,120.8115077254089,14.246968290145697,1.871793876433991e-05,-24688.135674728008,9.33931903126517e-05,136.66636523321463,16.870521906727106,3.765038323369557e-07,-30016.341708861375,9.33931903126517e-05,136.66636523321463,16.870521906727106,3.765038323369557e-07,-30016.341708861375,40.765092320458486,28.792749812810563,28.792749812810563
